drop database  if exists e_commerce;
create database e_commerce;
use e_commerce;


/*------------CREATING TABLES------------*/
CREATE TABLE IF NOT EXISTS supplier (
    SUPP_ID INT PRIMARY KEY,
    SUPP_NAME VARCHAR(50) NOT NULL,
    SUPP_CITY VARCHAR(50) NOT NULL,
    SUPP_PHONE VARCHAR(50) NOT NULL
);

CREATE TABLE IF NOT EXISTS customer (
    CUS_ID INT PRIMARY KEY,
    CUS_NAME VARCHAR(50) NOT NULL,
    CUS_PHONE VARCHAR(50) NOT NULL,
    CUS_CITY VARCHAR(50) NOT NULL,
    CUS_GENDER CHAR
);

CREATE TABLE IF NOT EXISTS category (
    CAT_ID INT PRIMARY KEY,
    CAT_NAME VARCHAR(50) NOT NULL
);

CREATE TABLE IF NOT EXISTS product (
    PRO_ID INT PRIMARY KEY,
    PRO_NAME VARCHAR(200) DEFAULT 'DUMMY',
    PRO_DESC VARCHAR(200) NOT NULL,
    CAT_ID INT,
    FOREIGN KEY (CAT_ID)
        REFERENCES category (CAT_ID)
);

CREATE TABLE IF NOT EXISTS supplier_pricing (
    PRICING_ID INT,
    PRO_ID INT,
    SUPP_ID INT,
    SUPP_PRICE INT DEFAULT 0,
    PRIMARY KEY (PRICING_ID),
    FOREIGN KEY (PRO_ID)
        REFERENCES product (PRO_ID),
    FOREIGN KEY (SUPP_ID)
        REFERENCES supplier (SUPP_ID)
);

CREATE TABLE IF NOT EXISTS `order` (
    ORD_ID INT,
    ORD_AMOUNT INT NOT NULL,
    ORD_DATE DATE NOT NULL,
    CUS_ID INT,
    PRICING_ID INT,
    PRIMARY KEY (ORD_ID),
    FOREIGN KEY (CUS_ID)
        REFERENCES customer (CUS_ID),
    FOREIGN KEY (PRICING_ID)
        REFERENCES supplier_pricing (PRICING_ID)
);

CREATE TABLE IF NOT EXISTS rating (
    RAT_ID INT,
    ORD_ID INT,
    RAT_RATSTARS INT NOT NULL,
    PRIMARY KEY (RAT_ID),
    FOREIGN KEY (ORD_ID)
        REFERENCES `order` (ORD_ID)
);


/*---------------------INSERTING VALUES IN TABLES------------------*/

INSERT INTO SUPPLIER VALUES(1,"Rajesh Retails","Delhi",'1234567890');
INSERT INTO SUPPLIER VALUES(2,"Appario Ltd.","Mumbai",'2589631470');
INSERT INTO SUPPLIER VALUES(3,"Knome products","Banglore",'9785462315');
INSERT INTO SUPPLIER VALUES(4,"Bansal Retails","Kochi",'8975463285');
INSERT INTO SUPPLIER VALUES(5,"Mittal Ltd.","Lucknow",'7898456532');

INSERT INTO CUSTOMER VALUES(1,"AAKASH",'9999999999',"DELHI",'M');
INSERT INTO CUSTOMER VALUES(2,"AMAN",'9785463215',"NOIDA",'M');
INSERT INTO CUSTOMER VALUES(3,"NEHA",'9999999999',"MUMBAI",'F');
INSERT INTO CUSTOMER VALUES(4,"MEGHA",'9994562399',"KOLKATA",'F');
INSERT INTO CUSTOMER VALUES(5,"PULKIT",'7895999999',"LUCKNOW",'M');

INSERT INTO CATEGORY VALUES( 1,"BOOKS");
INSERT INTO CATEGORY VALUES(2,"GAMES");
INSERT INTO CATEGORY VALUES(3,"GROCERIES");
INSERT INTO CATEGORY VALUES (4,"ELECTRONICS");
INSERT INTO CATEGORY VALUES(5,"CLOTHES");

INSERT INTO PRODUCT VALUES(1,"GTA V","Windows 7 and above with i5 processor and 8GB RAM",2);
INSERT INTO PRODUCT VALUES(2,"TSHIRT","SIZE-L with Black, Blue and White variations",5);
INSERT INTO PRODUCT VALUES(3,"ROG LAPTOP","Windows 10 with 15inch screen, i7 processor, 1TB SSD",4);
INSERT INTO PRODUCT VALUES(4,"OATS","Highly Nutritious from Nestle",3);
INSERT INTO PRODUCT VALUES(5,"HARRY POTTER","Best Collection of all time by J.K Rowling",1);
INSERT INTO PRODUCT VALUES(6,"MILK","1L Toned MIlk",3);
INSERT INTO PRODUCT VALUES(7,"Boat EarPhones","1.5Meter long Dolby Atmos",4);
INSERT INTO PRODUCT VALUES(8,"Jeans","Stretchable Denim Jeans with various sizes and color",5);
INSERT INTO PRODUCT VALUES(9,"Project IGI","compatible with windows 7 and above",2);
INSERT INTO PRODUCT VALUES(10,"Hoodie","Black GUCCI for 13 yrs and above",5);
INSERT INTO PRODUCT VALUES(11,"Rich Dad Poor Dad","Written by RObert Kiyosaki",1);
INSERT INTO PRODUCT VALUES(12,"Train Your Brain","By Shireen Stephen",1);

INSERT INTO SUPPLIER_PRICING VALUES(1,1,2,1500);
INSERT INTO SUPPLIER_PRICING VALUES(2,3,5,30000);
INSERT INTO SUPPLIER_PRICING VALUES(3,5,1,3000);
INSERT INTO SUPPLIER_PRICING VALUES(4,2,3,2500);
INSERT INTO SUPPLIER_PRICING VALUES(5,4,1,1000);
INSERT INTO SUPPLIER_PRICING VALUES(6,12,2,780);
INSERT INTO SUPPLIER_PRICING VALUES(7,12,4,789);
INSERT INTO SUPPLIER_PRICING VALUES(8,3,1,31000);
INSERT INTO SUPPLIER_PRICING VALUES(9,1,5,1450);
INSERT INTO SUPPLIER_PRICING VALUES(10,4,2,999);
INSERT INTO SUPPLIER_PRICING VALUES(11,7,3,549);
INSERT INTO SUPPLIER_PRICING VALUES(12,7,4,529);
INSERT INTO SUPPLIER_PRICING VALUES(13,6,2,105);
INSERT INTO SUPPLIER_PRICING VALUES(14,6,1,99);
INSERT INTO SUPPLIER_PRICING VALUES(15,2,5,2999);
INSERT INTO SUPPLIER_PRICING VALUES(16,5,2,2999);

INSERT INTO `ORDER` VALUES (101,1500,"2021-10-06",2,1);
INSERT INTO `ORDER` VALUES(102,1000,"2021-10-12",3,5);
INSERT INTO `ORDER` VALUES(103,30000,"2021-09-16",5,2);
INSERT INTO `ORDER` VALUES(104,1500,"2021-10-05",1,1);
INSERT INTO `ORDER` VALUES(105,3000,"2021-08-16",4,3);
INSERT INTO `ORDER` VALUES(106,1450,"2021-08-18",1,9);
INSERT INTO `ORDER` VALUES(107,789,"2021-09-01",3,7);
INSERT INTO `ORDER` VALUES(108,780,"2021-09-07",5,6);
INSERT INTO `ORDER` VALUES(109,3000,"2021-09-10",5,3);
INSERT INTO `ORDER` VALUES(110,2500,"2021-09-10",2,4);
INSERT INTO `ORDER` VALUES(111,1000,"2021-09-15",4,5);
INSERT INTO `ORDER` VALUES(112,789,"2021-09-16",4,7);
INSERT INTO `ORDER` VALUES(113,31000,"2021-09-16",1,8);
INSERT INTO `ORDER` VALUES(114,1000,"2021-09-16",3,5);
INSERT INTO `ORDER` VALUES(115,3000,"2021-09-16",5,3);
INSERT INTO `ORDER` VALUES(116,99,"2021-09-17",2,14);

INSERT INTO RATING VALUES(1,101,4);
INSERT INTO RATING VALUES(2,102,3);
INSERT INTO RATING VALUES(3,103,1);
INSERT INTO RATING VALUES(4,104,2);
INSERT INTO RATING VALUES(5,105,4);
INSERT INTO RATING VALUES(6,106,3);
INSERT INTO RATING VALUES(7,107,4);
INSERT INTO RATING VALUES(8,108,4);
INSERT INTO RATING VALUES(9,109,3);
INSERT INTO RATING VALUES(10,110,5);
INSERT INTO RATING VALUES(11,111,3);
INSERT INTO RATING VALUES(12,112,4);
INSERT INTO RATING VALUES(13,113,2);
INSERT INTO RATING VALUES(14,114,1);
INSERT INTO RATING VALUES(15,115,1);
INSERT INTO RATING VALUES(16,116,0);


/*---------QUERY NO 1----------*/
select CUS_GENDER,count(CUS_GENDER) COUNT  from CUSTOMER
where CUS_ID IN ( select CUS_ID FROM `ORDER` where ORD_AMOUNT >= 3000)
group by CUS_GENDER;

/*---------QUERY NO 2----------*/
select PRODUCT.PRO_NAME, `ORDER`.* from PRODUCT inner join SUPPLIER_PRICING
on SUPPLIER_PRICING.PRO_ID = PRODUCT.PRO_ID
inner join `ORDER` ON `ORDER`.PRICING_ID = SUPPLIER_PRICING.PRICING_ID
where `ORDER`.CUS_ID = 2;

/*---------QUERY NO 3----------*/
select SUPPLIER.* from SUPPLIER inner join
(select SUPP_ID from SUPPLIER_PRICING group by SUPP_ID having
count(PRO_ID) >1) as T1
ON SUPPLIER.SUPP_ID = T1.SUPP_ID ;

/*---------QUERY NO 4----------*/
select  T3.CAT_ID,T3.CAT_NAME,min(T3.MIN_PRICE) as MIN_PRICE from 
(select CATEGORY.*,T2.PRO_NAME,T2.MIN_PRICE from CATEGORY inner join
(select PRODUCT.*,T1.MIN_PRICE from PRODUCT inner join
(select PRO_ID, min(SUPP_PRICE) as MIN_PRICE from SUPPLIER_PRICING group by PRO_ID) as T1
on PRODUCT.PRO_ID = T1.PRO_ID) as T2
on CATEGORY.CAT_ID = T2.CAT_ID) as T3
group by T3.CAT_ID;

/*---------QUERY NO 5----------*/
select PRODUCT.PRO_ID,PRODUCT.PRO_NAME FROM `ORDER`
inner join SUPPLIER_PRICING
on SUPPLIER_PRICING.PRICING_ID = `ORDER`.PRICING_ID
inner JOIN PRODUCT ON PRODUCT.PRO_ID = SUPPLIER_PRICING.PRO_ID
WHERE `ORDER`.ORD_DATE>"2021-10-05";

/*---------QUERY NO 6----------*/
select CUSTOMER.CUS_NAME,CUSTOMER.CUS_GENDER from customer where CUSTOMER.CUS_NAME like 'A%' or CUSTOMER.CUS_NAME like '%A';


